{"status":"ok","message-type":"journal","message-version":"1.0.0","message":{"last-status-check-time":1699246098109,"counts":{"current-dois":5011,"backfile-dois":6601,"total-dois":11612},"breakdowns":{"dois-by-issued-year":[[2022,1867],[2021,1717],[2020,1443],[2023,1427],[2019,1274],[2018,999],[2017,694],[2016,459],[2015,453],[2014,328],[2013,284],[2012,137],[2010,119],[2011,101],[2009,69],[2008,55],[2003,39],[2004,33],[2001,21],[2005,20],[2006,18],[2007,17],[1999,16],[2000,12],[2002,10]]},"publisher":"MDPI AG","coverage":{"affiliations-current":0.2646178407503492,"similarity-checking-current":1.0,"descriptions-current":0.0,"ror-ids-current":0.0,"funders-backfile":0.2787456445993031,"licenses-backfile":0.9993940312073928,"funders-current":0.599880263420475,"affiliations-backfile":0.001211937585214361,"resource-links-backfile":0.0,"orcids-backfile":0.447507953340403,"update-policies-current":0.002793853522251048,"ror-ids-backfile":0.0,"orcids-current":0.8333665934943125,"similarity-checking-backfile":0.9993940312073928,"references-backfile":0.9819724284199364,"descriptions-backfile":0.0,"award-numbers-backfile":0.2749583396455083,"update-policies-backfile":0.003484320557491289,"licenses-current":1.0,"award-numbers-current":0.5821193374575933,"abstracts-backfile":0.5058324496288441,"resource-links-current":0.0,"abstracts-current":1.0,"references-current":0.9908201955697467},"title":"Entropy","subjects":[{"ASJC":3100,"name":"General Physics and Astronomy"}],"coverage-type":{"all":{"last-status-check-time":1699246098109,"affiliations":0.1148712649616809,"abstracts":0.7190217859295617,"orcids":0.6139671058296736,"licenses":0.9995694480323775,"references":0.9857056746749333,"funders":0.4172909670197193,"similarity-checking":0.9995694480323775,"award-numbers":0.4074743821579265,"ror-ids":0.0,"update-policies":0.003186084560406441,"resource-links":0.0,"descriptions":0.0},"backfile":{"last-status-check-time":1699246098109,"affiliations":0.001211937585214361,"abstracts":0.5058324496288441,"orcids":0.447507953340403,"licenses":0.9993940312073928,"references":0.9819724284199364,"funders":0.2787456445993031,"similarity-checking":0.9993940312073928,"award-numbers":0.2749583396455083,"ror-ids":0.0,"update-policies":0.003484320557491289,"resource-links":0.0,"descriptions":0.0},"current":{"last-status-check-time":1699246098109,"affiliations":0.2646178407503492,"abstracts":1.0,"orcids":0.8333665934943125,"licenses":1.0,"references":0.9908201955697467,"funders":0.599880263420475,"similarity-checking":1.0,"award-numbers":0.5821193374575933,"ror-ids":0.0,"update-policies":0.002793853522251048,"resource-links":0.0,"descriptions":0.0}},"flags":{"deposits-abstracts-current":true,"deposits-orcids-current":true,"deposits":true,"deposits-affiliations-backfile":true,"deposits-update-policies-backfile":true,"deposits-similarity-checking-backfile":true,"deposits-award-numbers-current":true,"deposits-resource-links-current":false,"deposits-ror-ids-current":false,"deposits-articles":true,"deposits-affiliations-current":true,"deposits-funders-current":true,"deposits-references-backfile":true,"deposits-ror-ids-backfile":false,"deposits-abstracts-backfile":true,"deposits-licenses-backfile":true,"deposits-award-numbers-backfile":true,"deposits-descriptions-current":false,"deposits-references-current":true,"deposits-resource-links-backfile":false,"deposits-descriptions-backfile":false,"deposits-orcids-backfile":true,"deposits-funders-backfile":true,"deposits-update-policies-current":true,"deposits-similarity-checking-current":true,"deposits-licenses-current":true},"ISSN":["1099-4300"],"issn-type":[{"value":"1099-4300","type":"electronic"}]}}